{"cameraMode":{"drawMode":0,"name":"Shaded","section":"Shading Mode"},"sceneLighting":false,"audioPlay":false,"sceneViewState":{"m_AlwaysRefresh":false,"showFog":true,"showSkybox":false,"showFlares":true,"showImageEffects":true,"showParticleSystems":true,"showVisualEffectGraphs":true,"m_FxEnabled":true},"in2DMode":false,"pivot":{"x":2.6490373611450197,"y":0.5249999761581421,"z":0.6449999809265137},"rotation":{"x":0.392905056476593,"y":0.006889438256621361,"z":-0.0029545039869844915,"w":0.919526994228363},"size":0.5003015995025635,"orthographic":false}