{"cameraMode":{"drawMode":0,"name":"Shaded","section":"Shading Mode"},"sceneLighting":false,"audioPlay":false,"sceneViewState":{"m_AlwaysRefresh":false,"showFog":true,"showSkybox":false,"showFlares":true,"showImageEffects":true,"showParticleSystems":true,"showVisualEffectGraphs":true,"m_FxEnabled":true},"in2DMode":false,"pivot":{"x":0.5290767550468445,"y":0.7566771507263184,"z":0.8012528419494629},"rotation":{"x":0.25266972184181216,"y":0.20137841999530793,"z":-0.05385034158825874,"w":0.9448233842849731},"size":1.2990484237670899,"orthographic":false}