{"cameraMode":{"drawMode":0,"name":"Shaded","section":"Shading Mode"},"sceneLighting":false,"audioPlay":false,"sceneViewState":{"m_AlwaysRefresh":false,"showFog":true,"showSkybox":false,"showFlares":true,"showImageEffects":true,"showParticleSystems":true,"showVisualEffectGraphs":true,"m_FxEnabled":true},"in2DMode":false,"pivot":{"x":0.1042354628443718,"y":2.467754602432251,"z":-0.9268611669540405},"rotation":{"x":0.392905056476593,"y":0.006889438256621361,"z":-0.0029545039869844915,"w":0.919526994228363},"size":1.2990484237670899,"orthographic":false}