{"cameraMode":{"drawMode":0,"name":"Shaded","section":"Shading Mode"},"sceneLighting":false,"audioPlay":false,"sceneViewState":{"m_AlwaysRefresh":false,"showFog":true,"showSkybox":false,"showFlares":true,"showImageEffects":true,"showParticleSystems":true,"showVisualEffectGraphs":true,"m_FxEnabled":true},"in2DMode":false,"pivot":{"x":3.5993893146514894,"y":1.2025679349899293,"z":0.6001229882240295},"rotation":{"x":0.1380041390657425,"y":0.1976538747549057,"z":-0.02811414562165737,"w":0.9700924754142761},"size":1.2990483045578004,"orthographic":false}