{"cameraMode":{"drawMode":0,"name":"Shaded","section":"Shading Mode"},"sceneLighting":false,"audioPlay":false,"sceneViewState":{"m_AlwaysRefresh":false,"showFog":true,"showSkybox":false,"showFlares":true,"showImageEffects":true,"showParticleSystems":true,"showVisualEffectGraphs":true,"m_FxEnabled":true},"in2DMode":false,"pivot":{"x":2.727059841156006,"y":0.6728828549385071,"z":0.28750941157341006},"rotation":{"x":0.14969994127750398,"y":0.02372315339744091,"z":-0.003589001949876547,"w":0.9884294867515564},"size":1.2990483045578004,"orthographic":false}