{"cameraMode":{"drawMode":0,"name":"Shaded","section":"Shading Mode"},"sceneLighting":false,"audioPlay":false,"sceneViewState":{"m_AlwaysRefresh":false,"showFog":true,"showSkybox":false,"showFlares":true,"showImageEffects":true,"showParticleSystems":true,"showVisualEffectGraphs":true,"m_FxEnabled":true},"in2DMode":false,"pivot":{"x":-0.21046669781208039,"y":0.8929415941238403,"z":0.29349780082702639},"rotation":{"x":0.2698403596878052,"y":-0.023110143840312959,"z":0.006482063792645931,"w":0.9625993371009827},"size":1.2990484237670899,"orthographic":false}