{"cameraMode":{"drawMode":0,"name":"Shaded","section":"Shading Mode"},"sceneLighting":false,"audioPlay":false,"sceneViewState":{"m_AlwaysRefresh":false,"showFog":true,"showSkybox":false,"showFlares":true,"showImageEffects":true,"showParticleSystems":true,"showVisualEffectGraphs":true,"m_FxEnabled":true},"in2DMode":false,"pivot":{"x":2.653557777404785,"y":0.49025970697402956,"z":0.6343746185302734},"rotation":{"x":0.44230347871780398,"y":0.11512856185436249,"z":-0.05738220736384392,"w":0.8875767588615418},"size":0.5736064314842224,"orthographic":false}