{"cameraMode":{"drawMode":0,"name":"Shaded","section":"Shading Mode"},"sceneLighting":false,"audioPlay":false,"sceneViewState":{"m_AlwaysRefresh":false,"showFog":true,"showSkybox":false,"showFlares":true,"showImageEffects":true,"showParticleSystems":true,"showVisualEffectGraphs":true,"m_FxEnabled":true},"in2DMode":false,"pivot":{"x":-0.2724912166595459,"y":1.069799780845642,"z":0.11146209388971329},"rotation":{"x":0.16899323463439942,"y":-0.000004076103778061224,"z":0.000004038552106067073,"w":0.9856076240539551},"size":1.2990484237670899,"orthographic":false}