{"cameraMode":{"drawMode":0,"name":"Shaded","section":"Shading Mode"},"sceneLighting":false,"audioPlay":false,"sceneViewState":{"m_AlwaysRefresh":false,"showFog":true,"showSkybox":false,"showFlares":true,"showImageEffects":true,"showParticleSystems":true,"showVisualEffectGraphs":true,"m_FxEnabled":true},"in2DMode":false,"pivot":{"x":0.07784412801265717,"y":0.6768556237220764,"z":0.6921377778053284},"rotation":{"x":0.0837053433060646,"y":0.10888850688934326,"z":-0.009199555963277817,"w":0.9904752373695374},"size":1.2990484237670899,"orthographic":false}