{"cameraMode":{"drawMode":0,"name":"Shaded","section":"Shading Mode"},"sceneLighting":false,"audioPlay":false,"sceneViewState":{"m_AlwaysRefresh":false,"showFog":true,"showSkybox":false,"showFlares":true,"showImageEffects":true,"showParticleSystems":true,"showVisualEffectGraphs":true,"m_FxEnabled":true},"in2DMode":false,"pivot":{"x":-0.12551619112491609,"y":0.06421608477830887,"z":0.41919273138046267},"rotation":{"x":-0.28119945526123049,"y":0.26798567175865176,"z":-0.0821165069937706,"w":-0.9177877902984619},"size":0.7380014061927795,"orthographic":false}