{"cameraMode":{"drawMode":0,"name":"Shaded","section":"Shading Mode"},"sceneLighting":false,"audioPlay":false,"sceneViewState":{"m_AlwaysRefresh":false,"showFog":true,"showSkybox":false,"showFlares":true,"showImageEffects":true,"showParticleSystems":true,"showVisualEffectGraphs":true,"m_FxEnabled":true},"in2DMode":false,"pivot":{"x":2.6469993591308595,"y":0.7642141580581665,"z":0.6449996829032898},"rotation":{"x":0.39426910877227785,"y":-0.011030654422938824,"z":0.004735624883323908,"w":0.9189005494117737},"size":0.5173555016517639,"orthographic":false}