{"cameraMode":{"drawMode":0,"name":"Shaded","section":"Shading Mode"},"sceneLighting":false,"audioPlay":false,"sceneViewState":{"m_AlwaysRefresh":false,"showFog":true,"showSkybox":false,"showFlares":true,"showImageEffects":true,"showParticleSystems":true,"showVisualEffectGraphs":true,"m_FxEnabled":true},"in2DMode":false,"pivot":{"x":1.1827166080474854,"y":0.18410365283489228,"z":1.3866703510284424},"rotation":{"x":0.1641893982887268,"y":0.37820544838905337,"z":-0.06836845725774765,"w":0.9084553718566895},"size":1.2990484237670899,"orthographic":false}