{"cameraMode":{"drawMode":0,"name":"Shaded","section":"Shading Mode"},"sceneLighting":false,"audioPlay":false,"sceneViewState":{"m_AlwaysRefresh":false,"showFog":true,"showSkybox":false,"showFlares":true,"showImageEffects":true,"showParticleSystems":true,"showVisualEffectGraphs":true,"m_FxEnabled":true},"in2DMode":false,"pivot":{"x":2.5796196460723879,"y":1.219038724899292,"z":-0.614154577255249},"rotation":{"x":0.19834217429161073,"y":0.03674133121967316,"z":-0.007437185384333134,"w":0.9794086217880249},"size":0.5173555016517639,"orthographic":false}